overall_accuracy,mean_log_probability,standing_precision,standing_recall,standing_f1,walking_precision,walking_recall,walking_f1,jumping_precision,jumping_recall,jumping_f1,still_precision,still_recall,still_f1
0.7651515151515151,-1.3366854119178064,0.47058823529411764,0.26666666666666666,0.3404255319148936,0.5319148936170213,0.8064516129032258,0.6410256410256411,1.0,0.9090909090909091,0.9523809523809523,1.0,1.0,1.0
